{
	"credit": "Made with Blockbench",
	"texture_size": [128, 128],
	"textures": {
		"1": "item/end_crystal"
	},
	"elements": [
		{
			"from": [0, 0, 0],
			"to": [16, 16, 16],
			"faces": {
				"north": {"uv": [7.5, 2.5, 9.5, 4.5], "texture": "#1"},
				"east": {"uv": [7.5, 4.5, 9.5, 6.5], "texture": "#1"},
				"south": {"uv": [5, 7.5, 7, 9.5], "texture": "#1"},
				"west": {"uv": [7.5, 6.5, 9.5, 8.5], "texture": "#1"},
				"up": {"uv": [9, 10.5, 7, 8.5], "texture": "#1"},
				"down": {"uv": [11, 8.5, 9, 10.5], "texture": "#1"}
			}
		},
		{
			"from": [-2, -2, -2],
			"to": [18, 18, 18],
			"rotation": {"angle": 45, "axis": "x", "origin": [8, 8, 8]},
			"faces": {
				"north": {"uv": [0, 0, 2.5, 2.5], "texture": "#1"},
				"east": {"uv": [0, 2.5, 2.5, 5], "texture": "#1"},
				"south": {"uv": [2.5, 0, 5, 2.5], "texture": "#1"},
				"west": {"uv": [2.5, 2.5, 5, 5], "texture": "#1"},
				"up": {"uv": [2.5, 7.5, 0, 5], "texture": "#1"},
				"down": {"uv": [7.5, 0, 5, 2.5], "texture": "#1"}
			}
		},
		{
			"from": [-2, -2, -2],
			"to": [18, 18, 18],
			"rotation": {"angle": -45, "axis": "z", "origin": [8, 8, 8]},
			"faces": {
				"north": {"uv": [2.5, 5, 5, 7.5], "texture": "#1"},
				"east": {"uv": [5, 2.5, 7.5, 5], "texture": "#1"},
				"south": {"uv": [5, 5, 7.5, 7.5], "texture": "#1"},
				"west": {"uv": [0, 7.5, 2.5, 10], "texture": "#1"},
				"up": {"uv": [10, 2.5, 7.5, 0], "texture": "#1"},
				"down": {"uv": [5, 7.5, 2.5, 10], "texture": "#1"}
			}
		}
	],
	"display": {
		"thirdperson_righthand": {
			"rotation": [75, 315, 0],
			"translation": [0, 2.5, 0],
			"scale": [0.25, 0.25, 0.25]
		},
		"thirdperson_lefthand": {
			"rotation": [75, 315, 0],
			"translation": [0, 2.5, 0],
			"scale": [0.25, 0.25, 0.25]
		},
		"firstperson_righthand": {
			"rotation": [27.58, -37.05, 40.9],
			"translation": [0, 1, 1],
			"scale": [0.24, 0.24, 0.24]
		},
		"firstperson_lefthand": {
			"rotation": [-25.7, -38.3, -37.8],
			"translation": [0, 1, 1],
			"scale": [0.24, 0.24, 0.24]
		},
		"ground": {
			"rotation": [45, 0, 45],
			"translation": [0, 3, 0],
			"scale": [0.2, 0.2, 0.2]
		},
		"gui": {
			"rotation": [97.17, 59.9, -49.71],
			"scale": [0.45, 0.45, 0.45]
		},
		"fixed": {
			"rotation": [0, 225, 0],
			"scale": [0.35, 0.35, 0.35]
		}
	},
	"groups": [
		{
			"name": "group",
			"origin": [8, 8, 8],
			"color": 0,
			"children": [0, 1, 2]
		}
	]
}