{
	"credit": "Made by Itzdevnick_",
	"parent": "minecraft:item/generated",
	"textures": {
		"layer0": "item/totem_of_undying"
	},
	"display": {
		"thirdperson_righthand": {
			"translation": [0.25, 1.75, 1.25],
			"scale": [0.36, 0.36, 0.36]
		},
		"thirdperson_lefthand": {
			"translation": [0.25, 1.75, 1.25],
			"scale": [0.36, 0.36, 0.36]
		},
		"firstperson_righthand": {
			"rotation": [0, 103, 0],
			"translation": [-1.5, 3, 3],
			"scale": [0.3, 0.3, 0.3]
		},
		"firstperson_lefthand": {
			"rotation": [0, 103, 0],
			"translation": [-1.5, 3, 3],
			"scale": [0.3, 0.3, 0.3]
		},
		"ground": {
			"translation": [0, 8.5, 0],
			"scale": [0.7, 0.7, 0.7]
		},
		"head": {
			"translation": [0.25, 0.25, -7.25],
			"scale": [0.9, 0.91, 0.94]
                },
		"fixed": {
                         "rotation": [ 0, 180, 0 ],
                         "translation": [ 0, -5, 0 ],
                         "scale": [ 0.2, 0.2, 0.2 ]
		}
	}
}